DIVISION,
INTERIOR PLAINS
INTERIOR PLAINS
PACIFIC MOUNTAIN SYSTEM
PACIFIC MOUNTAIN SYSTEM
ROCKY MOUNTAIN SYSTEM
PACIFIC MOUNTAIN SYSTEM
PACIFIC MOUNTAIN SYSTEM
PACIFIC MOUNTAIN SYSTEM
PACIFIC MOUNTAIN SYSTEM
PACIFIC MOUNTAIN SYSTEM
LAURENTIAN UPLAND
PACIFIC MOUNTAIN SYSTEM
PACIFIC MOUNTAIN SYSTEM
PACIFIC MOUNTAIN SYSTEM
PACIFIC MOUNTAIN SYSTEM
PACIFIC MOUNTAIN SYSTEM
PACIFIC MOUNTAIN SYSTEM
PACIFIC MOUNTAIN SYSTEM
PACIFIC MOUNTAIN SYSTEM
PACIFIC MOUNTAIN SYSTEM
PACIFIC MOUNTAIN SYSTEM
INTERIOR PLAINS
LAURENTIAN UPLAND
INTERMONTANE PLATEAUS
PACIFIC MOUNTAIN SYSTEM
PACIFIC MOUNTAIN SYSTEM
PACIFIC MOUNTAIN SYSTEM
PACIFIC MOUNTAIN SYSTEM
PACIFIC MOUNTAIN SYSTEM
PACIFIC MOUNTAIN SYSTEM
PACIFIC MOUNTAIN SYSTEM
PACIFIC MOUNTAIN SYSTEM
PACIFIC MOUNTAIN SYSTEM
LAURENTIAN UPLAND
PACIFIC MOUNTAIN SYSTEM
APPALACHIAN HIGHLANDS
PACIFIC MOUNTAIN SYSTEM
LAURENTIAN UPLAND
PACIFIC MOUNTAIN SYSTEM
PACIFIC MOUNTAIN SYSTEM
PACIFIC MOUNTAIN SYSTEM
PACIFIC MOUNTAIN SYSTEM
PACIFIC MOUNTAIN SYSTEM
PACIFIC MOUNTAIN SYSTEM
PACIFIC MOUNTAIN SYSTEM
LAURENTIAN UPLAND
LAURENTIAN UPLAND
LAURENTIAN UPLAND
LAURENTIAN UPLAND
LAURENTIAN UPLAND
PACIFIC MOUNTAIN SYSTEM
LAURENTIAN UPLAND
LAURENTIAN UPLAND
LAURENTIAN UPLAND
LAURENTIAN UPLAND
LAURENTIAN UPLAND
LAURENTIAN UPLAND
LAURENTIAN UPLAND
INTERIOR PLAINS
INTERIOR PLAINS
INTERIOR PLAINS
PACIFIC MOUNTAIN SYSTEM
INTERIOR PLAINS
PACIFIC MOUNTAIN SYSTEM
INTERMONTANE PLATEAUS
APPALACHIAN HIGHLANDS
PACIFIC MOUNTAIN SYSTEM
PACIFIC MOUNTAIN SYSTEM
INTERIOR PLAINS
INTERIOR PLAINS
INTERIOR PLAINS
INTERIOR PLAINS
INTERIOR PLAINS
INTERIOR PLAINS
INTERIOR PLAINS
ROCKY MOUNTAIN SYSTEM
INTERIOR PLAINS
INTERIOR PLAINS
PACIFIC MOUNTAIN SYSTEM
APPALACHIAN HIGHLANDS
INTERIOR PLAINS
INTERIOR PLAINS
INTERIOR PLAINS
INTERIOR PLAINS
INTERIOR PLAINS
INTERIOR PLAINS
INTERIOR PLAINS
INTERIOR PLAINS
INTERIOR PLAINS
INTERIOR PLAINS
INTERMONTANE PLATEAUS
INTERIOR PLAINS
INTERIOR PLAINS
APPALACHIAN HIGHLANDS
APPALACHIAN HIGHLANDS
APPALACHIAN HIGHLANDS
APPALACHIAN HIGHLANDS
INTERIOR PLAINS
APPALACHIAN HIGHLANDS
APPALACHIAN HIGHLANDS
APPALACHIAN HIGHLANDS
INTERIOR PLAINS
APPALACHIAN HIGHLANDS
APPALACHIAN HIGHLANDS
APPALACHIAN HIGHLANDS
APPALACHIAN HIGHLANDS
APPALACHIAN HIGHLANDS
APPALACHIAN HIGHLANDS
APPALACHIAN HIGHLANDS
APPALACHIAN HIGHLANDS
INTERMONTANE PLATEAUS
APPALACHIAN HIGHLANDS
APPALACHIAN HIGHLANDS
APPALACHIAN HIGHLANDS
APPALACHIAN HIGHLANDS
APPALACHIAN HIGHLANDS
INTERIOR PLAINS
APPALACHIAN HIGHLANDS
INTERIOR PLAINS
APPALACHIAN HIGHLANDS
APPALACHIAN HIGHLANDS
APPALACHIAN HIGHLANDS
APPALACHIAN HIGHLANDS
INTERIOR PLAINS
APPALACHIAN HIGHLANDS
APPALACHIAN HIGHLANDS
INTERMONTANE PLATEAUS
APPALACHIAN HIGHLANDS
APPALACHIAN HIGHLANDS
INTERIOR PLAINS
APPALACHIAN HIGHLANDS
APPALACHIAN HIGHLANDS
INTERIOR PLAINS
APPALACHIAN HIGHLANDS
INTERIOR PLAINS
INTERIOR PLAINS
INTERIOR PLAINS
APPALACHIAN HIGHLANDS
APPALACHIAN HIGHLANDS
ROCKY MOUNTAIN SYSTEM
APPALACHIAN HIGHLANDS
APPALACHIAN HIGHLANDS
PACIFIC MOUNTAIN SYSTEM
INTERMONTANE PLATEAUS
PACIFIC MOUNTAIN SYSTEM
INTERIOR PLAINS
APPALACHIAN HIGHLANDS
INTERIOR PLAINS
INTERIOR PLAINS
ROCKY MOUNTAIN SYSTEM
INTERIOR PLAINS
INTERIOR PLAINS
APPALACHIAN HIGHLANDS
PACIFIC MOUNTAIN SYSTEM
APPALACHIAN HIGHLANDS
INTERIOR PLAINS
APPALACHIAN HIGHLANDS
ATLANTIC PLAIN
APPALACHIAN HIGHLANDS
APPALACHIAN HIGHLANDS
APPALACHIAN HIGHLANDS
APPALACHIAN HIGHLANDS
INTERIOR PLAINS
INTERIOR PLAINS
APPALACHIAN HIGHLANDS
APPALACHIAN HIGHLANDS
ATLANTIC PLAIN
INTERIOR PLAINS
APPALACHIAN HIGHLANDS
APPALACHIAN HIGHLANDS
ATLANTIC PLAIN
APPALACHIAN HIGHLANDS
ATLANTIC PLAIN
ATLANTIC PLAIN
ATLANTIC PLAIN
ATLANTIC PLAIN
ATLANTIC PLAIN
ATLANTIC PLAIN
ATLANTIC PLAIN
ATLANTIC PLAIN
APPALACHIAN HIGHLANDS
ATLANTIC PLAIN
ATLANTIC PLAIN
PACIFIC MOUNTAIN SYSTEM
APPALACHIAN HIGHLANDS
ATLANTIC PLAIN
ATLANTIC PLAIN
ATLANTIC PLAIN
ATLANTIC PLAIN
ATLANTIC PLAIN
INTERIOR PLAINS
APPALACHIAN HIGHLANDS
ATLANTIC PLAIN
APPALACHIAN HIGHLANDS
ATLANTIC PLAIN
APPALACHIAN HIGHLANDS
ATLANTIC PLAIN
APPALACHIAN HIGHLANDS
APPALACHIAN HIGHLANDS
ATLANTIC PLAIN
ATLANTIC PLAIN
APPALACHIAN HIGHLANDS
APPALACHIAN HIGHLANDS
PACIFIC MOUNTAIN SYSTEM
ATLANTIC PLAIN
APPALACHIAN HIGHLANDS
ATLANTIC PLAIN
ATLANTIC PLAIN
APPALACHIAN HIGHLANDS
ATLANTIC PLAIN
ATLANTIC PLAIN
ATLANTIC PLAIN
INTERMONTANE PLATEAUS
INTERIOR PLAINS
ATLANTIC PLAIN
APPALACHIAN HIGHLANDS
PACIFIC MOUNTAIN SYSTEM
APPALACHIAN HIGHLANDS
APPALACHIAN HIGHLANDS
ATLANTIC PLAIN
INTERMONTANE PLATEAUS
INTERIOR PLAINS
ATLANTIC PLAIN
INTERMONTANE PLATEAUS
ATLANTIC PLAIN
ATLANTIC PLAIN
ATLANTIC PLAIN
ATLANTIC PLAIN
ATLANTIC PLAIN
INTERIOR PLAINS
ATLANTIC PLAIN
ATLANTIC PLAIN
INTERIOR PLAINS
ATLANTIC PLAIN
ATLANTIC PLAIN
ATLANTIC PLAIN
ATLANTIC PLAIN
ATLANTIC PLAIN
INTERIOR HIGHLANDS
ATLANTIC PLAIN
ATLANTIC PLAIN
ATLANTIC PLAIN
APPALACHIAN HIGHLANDS
ATLANTIC PLAIN
ATLANTIC PLAIN
ATLANTIC PLAIN
APPALACHIAN HIGHLANDS
APPALACHIAN HIGHLANDS
ATLANTIC PLAIN
ATLANTIC PLAIN
ATLANTIC PLAIN
APPALACHIAN HIGHLANDS
ATLANTIC PLAIN
ATLANTIC PLAIN
ATLANTIC PLAIN
ATLANTIC PLAIN
ATLANTIC PLAIN
PACIFIC MOUNTAIN SYSTEM
INTERIOR PLAINS
PACIFIC MOUNTAIN SYSTEM
ATLANTIC PLAIN
PACIFIC MOUNTAIN SYSTEM
PACIFIC MOUNTAIN SYSTEM
PACIFIC MOUNTAIN SYSTEM
PACIFIC MOUNTAIN SYSTEM
ATLANTIC PLAIN
ATLANTIC PLAIN
ATLANTIC PLAIN
ATLANTIC PLAIN
ATLANTIC PLAIN
APPALACHIAN HIGHLANDS
ATLANTIC PLAIN
ATLANTIC PLAIN
ATLANTIC PLAIN
ATLANTIC PLAIN
ATLANTIC PLAIN
ATLANTIC PLAIN
ATLANTIC PLAIN
ATLANTIC PLAIN
INTERMONTANE PLATEAUS
ATLANTIC PLAIN
ATLANTIC PLAIN
ATLANTIC PLAIN
ATLANTIC PLAIN
ATLANTIC PLAIN
APPALACHIAN HIGHLANDS
ATLANTIC PLAIN
ATLANTIC PLAIN
ATLANTIC PLAIN
ATLANTIC PLAIN
APPALACHIAN HIGHLANDS
APPALACHIAN HIGHLANDS
ATLANTIC PLAIN
ATLANTIC PLAIN
ATLANTIC PLAIN
INTERMONTANE PLATEAUS
INTERIOR PLAINS
INTERIOR HIGHLANDS
INTERMONTANE PLATEAUS
INTERMONTANE PLATEAUS
INTERIOR PLAINS
ATLANTIC PLAIN
ATLANTIC PLAIN
ATLANTIC PLAIN
ATLANTIC PLAIN
INTERIOR HIGHLANDS
ATLANTIC PLAIN
INTERMONTANE PLATEAUS
INTERMONTANE PLATEAUS
ATLANTIC PLAIN
INTERIOR HIGHLANDS
PACIFIC MOUNTAIN SYSTEM
ATLANTIC PLAIN
ATLANTIC PLAIN
ATLANTIC PLAIN
ATLANTIC PLAIN
ATLANTIC PLAIN
ATLANTIC PLAIN
ATLANTIC PLAIN
ATLANTIC PLAIN
ATLANTIC PLAIN
ATLANTIC PLAIN
PACIFIC MOUNTAIN SYSTEM
PACIFIC MOUNTAIN SYSTEM
ATLANTIC PLAIN
PACIFIC MOUNTAIN SYSTEM
INTERMONTANE PLATEAUS
ATLANTIC PLAIN
ATLANTIC PLAIN
PACIFIC MOUNTAIN SYSTEM
PACIFIC MOUNTAIN SYSTEM
PACIFIC MOUNTAIN SYSTEM
PACIFIC MOUNTAIN SYSTEM
ATLANTIC PLAIN
PACIFIC MOUNTAIN SYSTEM
ATLANTIC PLAIN
PACIFIC MOUNTAIN SYSTEM
ATLANTIC PLAIN
ATLANTIC PLAIN
INTERIOR PLAINS
ATLANTIC PLAIN
ATLANTIC PLAIN
ATLANTIC PLAIN
INTERIOR PLAINS
ATLANTIC PLAIN
ATLANTIC PLAIN
ATLANTIC PLAIN
ATLANTIC PLAIN
ATLANTIC PLAIN
ATLANTIC PLAIN
ATLANTIC PLAIN
ATLANTIC PLAIN
ATLANTIC PLAIN
ATLANTIC PLAIN
ATLANTIC PLAIN
ATLANTIC PLAIN
ATLANTIC PLAIN
ATLANTIC PLAIN
ATLANTIC PLAIN
ATLANTIC PLAIN
ATLANTIC PLAIN
ATLANTIC PLAIN
ATLANTIC PLAIN
ATLANTIC PLAIN
ATLANTIC PLAIN
ATLANTIC PLAIN
ATLANTIC PLAIN
ATLANTIC PLAIN
ATLANTIC PLAIN
ATLANTIC PLAIN
ATLANTIC PLAIN
ATLANTIC PLAIN
ATLANTIC PLAIN
ATLANTIC PLAIN
ATLANTIC PLAIN
ATLANTIC PLAIN
ATLANTIC PLAIN
ATLANTIC PLAIN
ATLANTIC PLAIN
ATLANTIC PLAIN
ATLANTIC PLAIN
ATLANTIC PLAIN
ATLANTIC PLAIN
ATLANTIC PLAIN
ATLANTIC PLAIN
ATLANTIC PLAIN
ATLANTIC PLAIN
ATLANTIC PLAIN
ATLANTIC PLAIN
ATLANTIC PLAIN
ATLANTIC PLAIN
ATLANTIC PLAIN
ATLANTIC PLAIN
ATLANTIC PLAIN
ATLANTIC PLAIN
ATLANTIC PLAIN
ATLANTIC PLAIN
ATLANTIC PLAIN
ATLANTIC PLAIN
ATLANTIC PLAIN
ATLANTIC PLAIN
ATLANTIC PLAIN
ATLANTIC PLAIN
ATLANTIC PLAIN
ATLANTIC PLAIN
ATLANTIC PLAIN
ATLANTIC PLAIN
ATLANTIC PLAIN
ATLANTIC PLAIN
ATLANTIC PLAIN
ATLANTIC PLAIN
ATLANTIC PLAIN
ATLANTIC PLAIN
ATLANTIC PLAIN
ATLANTIC PLAIN
ATLANTIC PLAIN
ATLANTIC PLAIN
ATLANTIC PLAIN
ATLANTIC PLAIN
ATLANTIC PLAIN
ATLANTIC PLAIN
ATLANTIC PLAIN
ATLANTIC PLAIN
ATLANTIC PLAIN
ATLANTIC PLAIN
ATLANTIC PLAIN
ATLANTIC PLAIN
ATLANTIC PLAIN
ATLANTIC PLAIN
ATLANTIC PLAIN
ATLANTIC PLAIN
ATLANTIC PLAIN
ATLANTIC PLAIN
ATLANTIC PLAIN
ATLANTIC PLAIN
ATLANTIC PLAIN
ATLANTIC PLAIN
ATLANTIC PLAIN
ATLANTIC PLAIN
ATLANTIC PLAIN
ATLANTIC PLAIN
ATLANTIC PLAIN
ATLANTIC PLAIN
ATLANTIC PLAIN
ATLANTIC PLAIN
ATLANTIC PLAIN
ATLANTIC PLAIN
ATLANTIC PLAIN
ATLANTIC PLAIN
ATLANTIC PLAIN
ATLANTIC PLAIN
ATLANTIC PLAIN
ATLANTIC PLAIN
ATLANTIC PLAIN
ATLANTIC PLAIN
ATLANTIC PLAIN
ATLANTIC PLAIN
ATLANTIC PLAIN
ATLANTIC PLAIN
ATLANTIC PLAIN
ATLANTIC PLAIN
ATLANTIC PLAIN
ATLANTIC PLAIN
ATLANTIC PLAIN
ATLANTIC PLAIN
ATLANTIC PLAIN
ATLANTIC PLAIN
ATLANTIC PLAIN
ATLANTIC PLAIN
ATLANTIC PLAIN
ATLANTIC PLAIN
ATLANTIC PLAIN
ATLANTIC PLAIN
ATLANTIC PLAIN
ATLANTIC PLAIN
ATLANTIC PLAIN
ATLANTIC PLAIN
ATLANTIC PLAIN
ATLANTIC PLAIN
ATLANTIC PLAIN
ATLANTIC PLAIN
ATLANTIC PLAIN
ATLANTIC PLAIN
ATLANTIC PLAIN
ATLANTIC PLAIN
ATLANTIC PLAIN
ATLANTIC PLAIN
ATLANTIC PLAIN
ATLANTIC PLAIN
ATLANTIC PLAIN
ATLANTIC PLAIN
ATLANTIC PLAIN
ATLANTIC PLAIN
ATLANTIC PLAIN
ATLANTIC PLAIN
